{
  "project_info": {
    "project_number": "186234025694",
    "firebase_url": "https://buzzbee-ed5dc-default-rtdb.asia-southeast1.firebasedatabase.app",
    "project_id": "buzzbee-ed5dc",
    "storage_bucket": "buzzbee-ed5dc.appspot.com"
  },
  "client": [
    {
      "client_info": {
        "mobilesdk_app_id": "1:186234025694:android:9af3a78cf1558912dc744f",
        "android_client_info": {
          "package_name": "com.pranjal.splashsreen"
        }
      },
      "oauth_client": [
        {
          "client_id": "186234025694-fs0072dl6jm3nchf6733d89drjf7oo0m.apps.googleusercontent.com",
          "client_type": 1,
          "android_info": {
            "package_name": "com.pranjal.splashsreen",
            "certificate_hash": "52c768a4c3d3d6e95c49f8efeda2b45c44d4980d"
          }
        },
        {
          "client_id": "186234025694-n8gk96ssro63rsliafjijoptp0km47kt.apps.googleusercontent.com",
          "client_type": 3
        }
      ],
      "api_key": [
        {
          "current_key": "AIzaSyC518s3fhmYeWOt5mU5-TYLdJYFHrQg5no"
        }
      ],
      "services": {
        "appinvite_service": {
          "other_platform_oauth_client": [
            {
              "client_id": "186234025694-n8gk96ssro63rsliafjijoptp0km47kt.apps.googleusercontent.com",
              "client_type": 3
            }
          ]
        }
      }
    }
  ],
  "configuration_version": "1"
}